customer_code,customer,avg_disc
90002009,Flipkart,30.83000000
90002006,Viveks,30.38000000
90002003,Ezone,30.28000000
90002002,Croma,30.25000000
90002016,"Amazon ",29.33000000
